video_title,video_url,video_type,video_id,id_pattern_type,page_no
MDBK-390 自慰阴户喷水射精240分钟最佳,https://missav.live/cn/mdbk-390,普通,MDBK-390,STANDARD,1
CEAD-704 她们会向你炫耀！ 15位超级淫荡的女星，用她们的宽腿自慰挑逗你,https://missav.live/cn/cead-704,普通,CEAD-704,STANDARD,1
GVH-782 我的施虐狂女上司喜欢让我喝她的尿。我被任务扭蛋逼著变成了一个受虐狂。波多野结衣,https://missav.live/cn/gvh-782,普通,GVH-782,STANDARD,1
CJOB-189 淫荡的姐姐们为我争吵，淫荡的口交，我被迫轮流射精......最佳,https://missav.live/cn/cjob-189,普通,CJOB-189,STANDARD,1
VSED-269 “女主人的色情招待真是太棒了！”“每个男人都应该去一次！”我去了一家在资讯杂志上被报道过的深山温泉旅馆。在那里等待我的是超乎想像的色情娱乐！ 11,https://missav.live/cn/vsed-269,普通,VSED-269,STANDARD,1
MXGS-1396 绝对淫荡性感丰满姊姊的诱惑SEX 波多野结衣,https://missav.live/cn/mxgs-1396-uncensored-leak,无码破解,MXGS-1396,STANDARD,1
MXGS-1396 绝对淫荡性感丰满姊姊的诱惑SEX 波多野结衣,https://missav.live/cn/mxgs-1396,普通,MXGS-1396,STANDARD,1
MIRD-255 MOODYZ 粉丝答谢会 Bako Bako Bus Tour 2025 完整版 Bako Bus 11 小时 + 后台 4 小时 + 未公开场景 17 小时,https://missav.live/cn/mird-255,普通,MIRD-255,STANDARD,1
MIAB-541 自慰、乳交、挑逗、边缘化，玩弄淫秽技巧已臻完美的波多野结衣，将在这家淫秽复兴男士美容院中，进行魅惑、挑逗、高潮。,https://missav.live/cn/miab-541-chinese-subtitle,中文字幕,MIAB-541,STANDARD,1
MIAB-541 自慰、乳交、挑逗、边缘化，玩弄淫秽技巧已臻完美的波多野结衣，将在这家淫秽复兴男士美容院中，进行魅惑、挑逗、高潮。,https://missav.live/cn/miab-541,普通,MIAB-541,STANDARD,1
MLMM-083 S级美熟女极品波多野结衣4小时纤细巨乳女神4,https://missav.live/cn/mlmm-083,普通,MLMM-083,STANDARD,1
BBSS-098 舔舐扭动乳头，吸吮阴蒂口交，让淫液流淌－女同志荡妇天堂最佳！ ！ （BBSS-098）,https://missav.live/cn/bbss-098,普通,BBSS-098,STANDARD,1
KSBJ-394 美丽成熟女性的色情技巧和精湛的口交 17 人 VOL.04,https://missav.live/cn/ksbj-394,普通,KSBJ-394,STANDARD,2
SVS-089 站姿束缚张开双腿限制高潮！想逃也逃不掉。强行极度刺激无法避免的淫荡阴道,https://missav.live/cn/svs-089,普通,SVS-089,STANDARD,2
MDBK-386 BAZOOKA独有的超情色服务！ 4小时可爱性感的妓女服务 PREMIUM BEST,https://missav.live/cn/mdbk-386,普通,MDBK-386,STANDARD,2
MDBK-385 好想被网子里露出的臀部和美腿缠住！ ！ 240分钟极品网袜性爱，用淫秽的网袜诱惑我,https://missav.live/cn/mdbk-385,普通,MDBK-385,STANDARD,2
CEMD-726 与开豪车的大屌男的甜心爹地一夜情约会 4 波多野结衣,https://missav.live/cn/cemd-726-uncensored-leak,无码破解,CEMD-726,STANDARD,2
CEAD-698 极致自慰应援！主观指令自慰！第2卷 15位严选人气美女女演员，用性感肉体邀请您体验极致射精！,https://missav.live/cn/cead-698,普通,CEAD-698,STANDARD,2
CEMD-726 与开豪车的大屌男的甜心爹地一夜情约会 4 波多野结衣,https://missav.live/cn/cemd-726,普通,CEMD-726,STANDARD,2
NACT-005 突然淋了一场大雨...我亲爱的姑姑波多野结衣回不了家,https://missav.live/cn/nact-005-uncensored-leak,无码破解,NACT-005,STANDARD,2
NACT-005 突然淋了一场大雨...我亲爱的姑姑波多野结衣回不了家,https://missav.live/cn/nact-005,普通,NACT-005,STANDARD,2
KAGP-368 性骚扰妈妈排球！ 13 九名穿高筒灯笼裤的家庭主妇接受严苛的性爱训练,https://missav.live/cn/kagp-368,普通,KAGP-368,STANDARD,2
GVH-766 女婿瞄准婆婆的巨乳 波多野结衣,https://missav.live/cn/gvh-766,普通,GVH-766,STANDARD,2
AVSA-392 一个会用脏话挑衅你的淫荡女人,https://missav.live/cn/avsa-392,普通,AVSA-392,STANDARD,2
JUR-472 《24小时人质性爱》：谈判者Yui屡遭劫匪强暴。本片讲述了一位永不屈服的精英调查员，如何被围攻的男子们击败的故事。,https://missav.live/cn/jur-472-uncensored-leak,无码破解,JUR-472,STANDARD,3
JUR-472 《24小时人质性爱》：谈判者Yui屡遭劫匪强暴。本片讲述了一位永不屈服的精英调查员，如何被围攻的男子们击败的故事。,https://missav.live/cn/jur-472,普通,JUR-472,STANDARD,3
NGOD-278 全日本NTR大奖：我的侄子来到东京，开始跟大屌混在一起。他不但没有叔叔和男人的身份，就连我那老实的老婆看到他那根大屌，也开始露出女人的表情……故事就是这样的。波多野结衣,https://missav.live/cn/ngod-278,普通,NGOD-278,STANDARD,3
MRSS-170 我的妈妈怕水，不能洗澡，所以我，她的儿子，每天都会用舌头舔她的身体，让她保持干净。波多野结衣,https://missav.live/cn/mrss-170-uncensored-leak,无码破解,MRSS-170,STANDARD,3
MRSS-170 我的妈妈怕水，不能洗澡，所以我，她的儿子，每天都会用舌头舔她的身体，让她保持干净。波多野结衣,https://missav.live/cn/mrss-170,普通,MRSS-170,STANDARD,3
MIZD-473 好想看这美少女尿液溢出的滋味！好想泡在里面！好想喝掉它！超过三万毫升的圣水，淋湿了她浑身，还带著新鲜的尿液！第二卷,https://missav.live/cn/mizd-473,普通,MIZD-473,STANDARD,3
MIAB-520 脸部专业化：波多野结衣的双耳淫语自慰支援和特写女牛仔 2D,https://missav.live/cn/miab-520,普通,MIAB-520,STANDARD,3
MIAB-503 我被迫参加社区的森巴狂欢节练习，丰满丰满的美女牛仔式臀部动作让我精液喷涌而出。有冈美羽、波多野结衣,https://missav.live/cn/miab-503,普通,MIAB-503,STANDARD,3
MIAB-503 我被迫参加社区的森巴狂欢节练习，丰满丰满的美女牛仔式臀部动作让我精液喷涌而出。有冈美羽、波多野结衣,https://missav.live/cn/miab-503-uncensored-leak,无码破解,MIAB-503,STANDARD,3
MIAB-520 脸部专业化：波多野结衣的双耳淫语自慰支援和特写女牛仔 2D,https://missav.live/cn/miab-520-uncensored-leak,无码破解,MIAB-520,STANDARD,3
REAL-927 最精彩的不道德故事，让女人变成野兽,https://missav.live/cn/real-927,普通,REAL-927,STANDARD,3
BDA-212 让你的性生活乐趣加倍！波多野结衣的恋物癖发展研讨会,https://missav.live/cn/bda-212,普通,BDA-212,STANDARD,3
HTTM-015 性欲旺盛的妻子波多野结衣在入住后的第二天继续寻求性,https://missav.live/cn/httm-015,普通,HTTM-015,STANDARD,4
MIAB-497 波多野结衣老师的一次性乳交狂人当我要求我的平胸女友进行乳交时，她很生气，所以我向一位丰满的女老师寻求建议......她用她的乳房和阴部给我上了私人课。波多野结衣,https://missav.live/cn/miab-497,普通,MIAB-497,STANDARD,4
MIAB-497 波多野结衣老师的一次性乳交狂人当我要求我的平胸女友进行乳交时，她很生气，所以我向一位丰满的女老师寻求建议......她用她的乳房和阴部给我上了私人课。波多野结衣,https://missav.live/cn/miab-497-chinese-subtitle,中文字幕,MIAB-497,STANDARD,4
MIAB-497 波多野结衣老师的一次性乳交狂人当我要求我的平胸女友进行乳交时，她很生气，所以我向一位丰满的女老师寻求建议......她用她的乳房和阴部给我上了私人课。波多野结衣,https://missav.live/cn/miab-497-uncensored-leak,无码破解,MIAB-497,STANDARD,4
NGOD-272 一场始于与比妻子更自在的女性朋友接吻的婚外情。一场无法停止的唾液交换接吻性爱。波多野结衣,https://missav.live/cn/ngod-272-uncensored-leak,无码破解,NGOD-272,STANDARD,4
NGOD-272 一场始于与比妻子更自在的女性朋友接吻的婚外情。一场无法停止的唾液交换接吻性爱。波多野结衣,https://missav.live/cn/ngod-272,普通,NGOD-272,STANDARD,4
SAN-368 260分钟的性感、美丽、完美的已婚女性，拥有完美的身材,https://missav.live/cn/san-368,普通,SAN-368,STANDARD,4
MMPB-084 钉子、磨刀、蜘蛛！ 20位女牛仔天才，用压倒性的技巧榨干你的精液,https://missav.live/cn/mmpb-084,普通,MMPB-084,STANDARD,4
ATKD-398 射精后立即吸吮敏感的阴茎！清洁口交，挤出最后一滴精液，4小时最佳,https://missav.live/cn/atkd-398,普通,ATKD-398,STANDARD,4
HTTM-012 一位美丽而经验丰富的妻子引诱她在 SNS 上认识的处女并夺走了他的贞操 波多野结衣,https://missav.live/cn/httm-012-uncensored-leak,无码破解,HTTM-012,STANDARD,4
XMOM-094 被戴绿帽的荡妇妻子喜欢除了她丈夫的大鸡巴,https://missav.live/cn/xmom-094,普通,XMOM-094,STANDARD,4
HTTM-012 一位美丽而经验丰富的妻子引诱她在 SNS 上认识的处女并夺走了他的贞操 波多野结衣,https://missav.live/cn/httm-012,普通,HTTM-012,STANDARD,4
MKMP-648 我不想把它留在我的嘴里。在喜欢鸡巴和口交的漂亮女孩的嘴里射入 50 发。 240 分钟的精华！ ！ ！,https://missav.live/cn/mkmp-648,普通,MKMP-648,STANDARD,5
REAL-920 深喉咙 Irama 最佳 240 分钟抚摸和射精与母猪的喉咙,https://missav.live/cn/real-920,普通,REAL-920,STANDARD,5
DASS-651 她们用最精湛的性爱技巧争夺我的鸡巴。梦幻的母系淫妇后宫生活，三位女神不停地吸吮我的精液。木岛爱理、大月响、波多野结衣,https://missav.live/cn/dass-651,普通,DASS-651,STANDARD,5
DASS-651 她们用最精湛的性爱技巧争夺我的鸡巴。梦幻的母系淫妇后宫生活，三位女神不停地吸吮我的精液。木岛爱理、大月响、波多野结衣,https://missav.live/cn/dass-651-chinese-subtitle,中文字幕,DASS-651,STANDARD,5
DASS-651 她们用最精湛的性爱技巧争夺我的鸡巴。梦幻的母系淫妇后宫生活，三位女神不停地吸吮我的精液。木岛爱理、大月响、波多野结衣,https://missav.live/cn/dass-651-uncensored-leak,无码破解,DASS-651,STANDARD,5
NACX-155 老板老婆秀出丰满乳房诱惑我的合集,https://missav.live/cn/nacx-155,普通,NACX-155,STANDARD,5
MBRBA-132 迷魂温泉/波多野结衣,https://missav.live/cn/mbrba-132,普通,MBRBA-132,STANDARD,5
MXGS-1385 滴滴口水融化舌吻挑逗射精控制波多野结衣,https://missav.live/cn/mxgs-1385,普通,MXGS-1385,STANDARD,5
MXGS-1385 滴滴口水融化舌吻挑逗射精控制波多野结衣,https://missav.live/cn/mxgs-1385-uncensored-leak,无码破解,MXGS-1385,STANDARD,5
KAGP-359 Ona-sapo!! 女学生装裸舞挑逗 13,https://missav.live/cn/kagp-359,普通,KAGP-359,STANDARD,5
KAM-248 【违规】我如何说服一位已婚人寿保险女士与我发生性关系，让她湿透，并狠狠地操她。第四部【10机位偷窥狂】波多野结衣,https://missav.live/cn/kam-248,普通,KAM-248,STANDARD,5
CEMD-695 波多野结衣，捡到男人当宠物的女人,https://missav.live/cn/cemd-695-uncensored-leak,无码破解,CEMD-695,STANDARD,5
CEMD-695 波多野结衣，捡到男人当宠物的女人,https://missav.live/cn/cemd-695,普通,CEMD-695,STANDARD,6
NGOD-270 一位女老板掉了她的智慧型手机。一位聪明的妻子被汗流浃背的员工肮脏而臭气熏天的大屌逼得高潮。波多野结衣,https://missav.live/cn/ngod-270,普通,NGOD-270,STANDARD,6
SAN-359 至今仍在活跃的传奇女星大月响&波多野结衣 250分钟,https://missav.live/cn/san-359,普通,SAN-359,STANDARD,6
DVMM-250 人气AV女优改善早泄的惊人技巧！如果一个业馀男人可以在骑著一个臀部摆动速度惊人的女孩时忍住不射精......他将获得无尽的中出性爱作为奖励！波多野结衣、大藤爱丽丝、天马结衣,https://missav.live/cn/dvmm-250-uncensored-leak,无码破解,DVMM-250,STANDARD,6
DVMM-250 人气AV女优改善早泄的惊人技巧！如果一个业馀男人可以在骑著一个臀部摆动速度惊人的女孩时忍住不射精......他将获得无尽的中出性爱作为奖励！波多野结衣、大藤爱丽丝、天马结衣,https://missav.live/cn/dvmm-250,普通,DVMM-250,STANDARD,6
SVS-086 四肢著地达到高潮！就算想逃，也逃不掉。强制极端刺激不可避免的阴道,https://missav.live/cn/svs-086,普通,SVS-086,STANDARD,6
MKMP-641 一个女孩（阴部）如此敏感，她会喷水并达到高潮！精选集 Iki Leaking,https://missav.live/cn/mkmp-641,普通,MKMP-641,STANDARD,6
PRED-758 巨乳人妻网红变身射精专用小便池－绑架、禁锢、群交、深喉、野蛮串烧、精液反流直播－波多野结衣,https://missav.live/cn/pred-758-uncensored-leak,无码破解,PRED-758,STANDARD,6
PRED-758 巨乳人妻网红变身射精专用小便池－绑架、禁锢、群交、深喉、野蛮串烧、精液反流直播－波多野结衣,https://missav.live/cn/pred-758,普通,PRED-758,STANDARD,6
MXGS-1382 母亲波多野结衣被儿子的朋友戴绿帽，并被本能淹没,https://missav.live/cn/mxgs-1382,普通,MXGS-1382,STANDARD,6
MXGS-1382 母亲波多野结衣被儿子的朋友戴绿帽，并被本能淹没,https://missav.live/cn/mxgs-1382-uncensored-leak,无码破解,MXGS-1382,STANDARD,6
BTHA-103 剃裸/波多野结衣 (蓝光光盘),https://missav.live/cn/btha-103,普通,BTHA-103,STANDARD,6
CEMD-678 羞辱、侵犯、戴飞鱼帽、闹市区约会！ 31 波多野结衣,https://missav.live/cn/cemd-678-uncensored-leak,无码破解,CEMD-678,STANDARD,7
DGCEMD-678 ★仅在线提供！附赠特典★羞辱、侵犯、穿戴震动棒、闹区约会！ 31 波多野结衣,https://missav.live/cn/dgcemd-678,普通,DGCEMD-678,STANDARD,7
CEMD-678 羞辱、侵犯、戴飞鱼帽、闹市区约会！ 31 波多野结衣,https://missav.live/cn/cemd-678,普通,CEMD-678,STANDARD,7
BBSS-095 美丽的狂欢，无限的快乐，后宫女同性恋天堂最佳，全女性群交特别节目240分钟,https://missav.live/cn/bbss-095,普通,BBSS-095,STANDARD,7
HTTM-006 在社群媒体上被搭讪的美丽人妻，因丈夫以外的男人的身体而兴奋，露出了色情的真面目！波多野结衣,https://missav.live/cn/httm-006,普通,HTTM-006,STANDARD,7
HTTM-006 在社群媒体上被搭讪的美丽人妻，因丈夫以外的男人的身体而兴奋，露出了色情的真面目！波多野结衣,https://missav.live/cn/httm-006-uncensored-leak,无码破解,HTTM-006,STANDARD,7
MDBK-368 甜蜜的诱惑，让你的耳膜变成性感带…耳边传来的情色，融化你的大脑…240分钟的色情谈话最佳,https://missav.live/cn/mdbk-368,普通,MDBK-368,STANDARD,7
RVG-237 波多野结衣 BEST VOL.5,https://missav.live/cn/rvg-237,普通,RVG-237,STANDARD,7
CJOB-178 真空尖叫！吸舌头！射精前最佳的50次口交,https://missav.live/cn/cjob-178,普通,CJOB-178,STANDARD,7
MXGS-1379 我是由我朋友的母亲开发的，她的目标是开一家美容院 Yui Hatano,https://missav.live/cn/mxgs-1379-uncensored-leak,无码破解,MXGS-1379,STANDARD,7
MXGS-1379 我是由我朋友的母亲开发的，她的目标是开一家美容院 Yui Hatano,https://missav.live/cn/mxgs-1379,普通,MXGS-1379,STANDARD,7
PTS-529 大胸妹一起高潮，肛门G点唤醒女同按摩,https://missav.live/cn/pts-529,普通,PTS-529,STANDARD,7
MEYD-992 小野坂唯香的女同出道 夜班护士人妻女同NTR AM0:00 深夜女性专用病房响起淫秽护士电话 小野坂唯香 波多野结衣,https://missav.live/cn/meyd-992-uncensored-leak,无码破解,MEYD-992,STANDARD,8
MEYD-992 小野坂唯香的女同出道 夜班护士人妻女同NTR AM0:00 深夜女性专用病房响起淫秽护士电话 小野坂唯香 波多野结衣,https://missav.live/cn/meyd-992,普通,MEYD-992,STANDARD,8
RCTD-659 被污染的占有 第二部分,https://missav.live/cn/rctd-659-uncensored-leak,无码破解,RCTD-659,STANDARD,8
RCTD-659 被污染的占有 第二部分,https://missav.live/dm26/cn/rctd-659,普通,RCTD-659,STANDARD,8
RVG-236 W○ 真子装置束缚铁制束缚真○子酷刑 BEST VOL.1,https://missav.live/cn/rvg-236,普通,RVG-236,STANDARD,8
CEAD-676 一位丰满大屁股的美女被迫与一个好色的男人发生性关系，然后她的屁股被暴露并被中出。波多野结衣,https://missav.live/cn/cead-676,普通,CEAD-676,STANDARD,8
CEAD-676 一位丰满大屁股的美女被迫与一个好色的男人发生性关系，然后她的屁股被暴露并被中出。波多野结衣,https://missav.live/cn/cead-676-uncensored-leak,无码破解,CEAD-676,STANDARD,8
PTES-002 当我第一次去女同志美容院时，我发现肛门高潮和阴道高潮是同时发生的。,https://missav.live/cn/ptes-002,普通,PTES-002,STANDARD,8
NGOD-258 麦当娜儿童协会的妻子：不道德的父母聚会波多野结衣,https://missav.live/cn/ngod-258,普通,NGOD-258,STANDARD,8
NGOD-258 麦当娜儿童协会的妻子：不道德的父母聚会波多野结衣,https://missav.live/cn/ngod-258-uncensored-leak,无码破解,NGOD-258,STANDARD,8
PTES-001 第二个属子！女同按摩院肛交体验双重高潮,https://missav.live/cn/ptes-001,普通,PTES-001,STANDARD,8
PTES-003 阴道肛门双重高潮3P女同性恋按摩,https://missav.live/cn/ptes-003,普通,PTES-003,STANDARD,8
SORA-592 人性洗脑催眠邻里互动从排尿开始，以潮吹结束。即使是最亲密的朋友也可能被洗脑。哎呀，美术课的故事。波多野结衣。,https://missav.live/cn/sora-592-uncensored-leak,无码破解,SORA-592,STANDARD,9
SORA-592 人性洗脑催眠邻里互动从排尿开始，以潮吹结束。即使是最亲密的朋友也可能被洗脑。哎呀，美术课的故事。波多野结衣。,https://missav.live/dm26/cn/sora-592,普通,SORA-592,STANDARD,9
MMPB-075 桃太郎 2024 年最佳！你还没有什么？这是桃太郎的色情影片集锦。 5小时的策略精彩！,https://missav.live/cn/mmpb-075,普通,MMPB-075,STANDARD,9
VOBB-049 NANA BEST：根据 Teppei P 的真实经历改编的情色故事,https://missav.live/cn/vobb-049,普通,VOBB-049,STANDARD,9
VOBB-049 NANA BEST：根据 Teppei P 的真实经历改编的情色故事,https://missav.live/cn/vobb-049-uncensored-leak,无码破解,VOBB-049,STANDARD,9
LZBS-116 淫荡女孩之间的女同性恋性爱，吞噬彼此湿透的阴户 - 5 小时精心挑选的最佳,https://missav.live/dm26/cn/lzbs-116,普通,LZBS-116,STANDARD,9
MDBK-366 BAZOOKA推荐美臀女优一次全部公开！ ！每一次推力都掀起情色的海洋！ ！ Peachy Ass Piston 240 分钟 最佳,https://missav.live/dm26/cn/mdbk-366,普通,MDBK-366,STANDARD,9
MKMP-624 太光滑太色情了！,https://missav.live/cn/mkmp-624,普通,MKMP-624,STANDARD,9
CEMD-657 无胸罩成熟大奶丰满胸部约会波多野结衣,https://missav.live/cn/cemd-657-uncensored-leak,无码破解,CEMD-657,STANDARD,9
CEMD-657 无胸罩成熟大奶丰满胸部约会波多野结衣,https://missav.live/dm26/cn/cemd-657,普通,CEMD-657,STANDARD,9
MOOR-035 追击活塞 永恒高潮 束缚 瀬濑真实文件 波多野结衣,https://missav.live/cn/moor-035-uncensored-leak,无码破解,MOOR-035,STANDARD,9
MOOR-035 追击活塞 永恒高潮 束缚 瀬濑真实文件 波多野结衣,https://missav.live/cn/moor-035,普通,MOOR-035,STANDARD,9
WO-020 无法控制的性欲…淫荡女医生波多野结衣,https://missav.live/cn/wo-020,普通,WO-020,STANDARD,10
WO-020 无法控制的性欲…淫荡女医生波多野结衣,https://missav.live/cn/wo-020-uncensored-leak,无码破解,WO-020,STANDARD,10
MXGS-1373 我搭讪了一个穿著暴露的美女，但她太放荡了，我最后像在色情漫画里一样挤奶了她。,https://missav.live/cn/mxgs-1373,普通,MXGS-1373,STANDARD,10
MXGS-1373 我搭讪了一个穿著暴露的美女，但她太放荡了，我最后像在色情漫画里一样挤奶了她。,https://missav.live/cn/mxgs-1373-uncensored-leak,无码破解,MXGS-1373,STANDARD,10
MXDLP-281 淫荡巨乳 第 6 卷,https://missav.live/cn/mxdlp-281,普通,MXDLP-281,STANDARD,10
BKD-352 母子性交 ～奥利根湖畔～ 波多野结衣,https://missav.live/cn/bkd-352-uncensored-leak,无码破解,BKD-352,STANDARD,10
BKD-352 母子性交 ～奥利根湖畔～ 波多野结衣,https://missav.live/dm13/cn/bkd-352,普通,BKD-352,STANDARD,10
MIRD-253 MOODYZ 粉丝答谢会：Bang Bang Bus Tour 2025。17 位素人与 17 位 AV 女优的 2 天 1 夜狂欢。,https://missav.live/cn/mird-253,普通,MIRD-253,STANDARD,10
CEAD-669 屄大开了！ ！超淫​​荡蟹腿自慰～15名女性秀出淫秽臀部动作和高潮～,https://missav.live/dm26/cn/cead-669,普通,CEAD-669,STANDARD,10
NGOD-253 护士办公室里的已婚妇女被热血学生的肌肉发达、未割包皮的阴茎逼得射精……波多野结衣,https://missav.live/cn/ngod-253,普通,NGOD-253,STANDARD,10
NGOD-253 护士办公室里的已婚妇女被热血学生的肌肉发达、未割包皮的阴茎逼得射精……波多野结衣,https://missav.live/cn/ngod-253-uncensored-leak,无码破解,NGOD-253,STANDARD,10
MAG-062 与著名女星的搭配♪ House 波多野结衣,https://missav.live/cn/mag-062-uncensored-leak,无码破解,MAG-062,STANDARD,10
MAG-062 与著名女星的搭配♪ House 波多野结衣,https://missav.live/cn/mag-062,普通,MAG-062,STANDARD,11
MBF-050 [限时优惠] [FANZA 独家] [仅限串流媒体] 100％ 有机会射精！ ？一家人气爆棚、预约难求的美容院,https://missav.live/cn/mbf-050,普通,MBF-050,STANDARD,11
JJDA-058 探望妻子 波多野结衣,https://missav.live/cn/jjda-058-uncensored-leak,无码破解,JJDA-058,STANDARD,11
MIAB-399 开始支持隐居自力更生的妻子被一位拥有强健下肢的前运动员所诱惑…波多野结衣,https://missav.live/cn/miab-399,普通,MIAB-399,STANDARD,11
LULU-362 加班的时候，我们两个单独在办公室，严厉的已婚女上司穿著紧身裤，无意识地用她的大屁股挑衅我，我反抗并立即干了她，发现了她隐藏的受虐倾向，于是我对她进行SM训练约束，训练她允许中出，直到她成为我听话的宠物。 波多野结衣,https://missav.live/cn/lulu-362-uncensored-leak,无码破解,LULU-362,STANDARD,11
MIAB-399 开始支持隐居自力更生的妻子被一位拥有强健下肢的前运动员所诱惑…波多野结衣,https://missav.live/cn/miab-399-uncensored-leak,无码破解,MIAB-399,STANDARD,11
LULU-362 加班的时候，我们两个单独在办公室，严厉的已婚女上司穿著紧身裤，无意识地用她的大屁股挑衅我，我反抗并立即干了她，发现了她隐藏的受虐倾向，于是我对她进行SM训练约束，训练她允许中出，直到她成为我听话的宠物。 波多野结衣,https://missav.live/cn/lulu-362,普通,LULU-362,STANDARD,11
JJDA-058 探望妻子 波多野结衣,https://missav.live/cn/jjda-058,普通,JJDA-058,STANDARD,11
JFB-466 很棒的角度！肛交全曝光丰臀性爱 81 射精 4 小时 最佳,https://missav.live/cn/jfb-466,普通,JFB-466,STANDARD,11
SVS-084 美丽、丰满、大胸部的女人被捆绑，陷入受虐束缚,https://missav.live/dm26/cn/svs-084,普通,SVS-084,STANDARD,11
LZBS-115 女同性恋群交，两边都是女人，被乳房和阴户包围。,https://missav.live/dm26/cn/lzbs-115,普通,LZBS-115,STANDARD,11
BDA-209 淫乱度假区湿身FUCK 波多野结衣,https://missav.live/cn/bda-209-uncensored-leak,无码破解,BDA-209,STANDARD,11
BDA-209 淫乱度假区湿身FUCK 波多野结衣,https://missav.live/cn/bda-209-uncensored-leak,无码破解,BDA-209,STANDARD,12
AVSA-364 充满欲望的性爱日子，一个男人把性爱灌输给一个完美的美女——他痴迷的奇迹，他反复将精液注入娃娃——波多野结衣,https://missav.live/dm26/cn/avsa-364,普通,AVSA-364,STANDARD,12
AVSA-364 充满欲望的性爱日子，一个男人把性爱灌输给一个完美的美女——他痴迷的奇迹，他反复将精液注入娃娃——波多野结衣,https://missav.live/cn/avsa-364-uncensored-leak,无码破解,AVSA-364,STANDARD,12
MADM-195 [4K] 隔壁老婆是美乳巨乳教练，用柔软的身体大胆诱惑你，梦寐以求的绝妙场景，禁忌中出性爱，波多野结衣,https://missav.live/cn/madm-195-uncensored-leak,无码破解,MADM-195,STANDARD,12
MADM-195 [4K] 隔壁老婆是美乳巨乳教练，用柔软的身体大胆诱惑你，梦寐以求的绝妙场景，禁忌中出性爱，波多野结衣,https://missav.live/cn/madm-195,普通,MADM-195,STANDARD,12
DVMM-205 一般男女在专用魔镜双人房监控AV NTR油压按摩体验！新婚夫妇在 AV 女演员和演员的精湛技术下不断达到高潮！波多野结衣和大屌治疗师,https://missav.live/dm26/cn/dvmm-205,普通,DVMM-205,STANDARD,12
CRNX-191 [4K] 与隔壁已婚教练波多野结衣的挑逗性爱,https://missav.live/cn/crnx-191-uncensored-leak,无码破解,CRNX-191,STANDARD,12
CRNX-191 [4K] 与隔壁已婚教练波多野结衣的挑逗性爱,https://missav.live/cn/crnx-191,普通,CRNX-191,STANDARD,12
BIJN-269 纪录：本能高潮曝光：波多野结衣，超性感身材，透视装，快感高潮,https://missav.live/dm26/cn/bijn-269,普通,BIJN-269,STANDARD,12
BIJN-269 纪录：本能高潮曝光：波多野结衣，超性感身材，透视装，快感高潮,https://missav.live/cn/bijn-269-uncensored-leak,无码破解,BIJN-269,STANDARD,12
MKMP-609 这次我们收集了一年的情色作品！ 2024年热门30部作品4小时最佳,https://missav.live/dm26/cn/mkmp-609,普通,MKMP-609,STANDARD,12
HMIX-041 岳父乱搞他的妻子！ ！ 美丽的妻子在助平的父亲中痛苦地扭动 20 人 4 小时,https://missav.live/cn/hmix-041,普通,HMIX-041,STANDARD,13
MKMP-610 AV 退休滨崎步 36 标题完整最佳 2017-2024,https://missav.live/dm26/cn/mkmp-610,普通,MKMP-610,STANDARD,13
MKMP-609 这次我们收集了一年的情色作品！ 2024年热门30部作品4小时最佳,https://missav.live/dm26/cn/mkmp-609,普通,MKMP-609,STANDARD,13
CJOB-173 被体液溅到溺水后无法停止射精勃起！ 90000cc！我想要被小便、潮吹和阴部汁液所覆盖！,https://missav.live/cn/cjob-173,普通,CJOB-173,STANDARD,13
VOBB-046 我们询问了100位AV女优！ 2024年最舒服的阴茎就是这个男人的太刀了！,https://missav.live/cn/vobb-046,普通,VOBB-046,STANDARD,13
RVG-231 意志坚强、身材淫荡的女总裁和顽皮的儿子 BEST VOL.1,https://missav.live/cn/rvg-231,普通,RVG-231,STANDARD,13
KAGP-342 排球妈妈性骚扰！ 11 10名已婚女性穿高腿灯笼裤进行严酷的色情训练,https://missav.live/dm26/cn/kagp-342,普通,KAGP-342,STANDARD,13
UMD-947 【悲伤消息】此后，这些大胸正妹就要被按摩师们吃得香喷喷了！ ！ 7,https://missav.live/cn/umd-947,普通,UMD-947,STANDARD,13
NACR-895 预约满员！ 100%满意！美丽成熟的女人 cosplay 交付波多野结衣,https://missav.live/cn/nacr-895-uncensored-leak,无码破解,NACR-895,STANDARD,13
NACR-895 预约满员！ 100%满意！美丽成熟的女人 cosplay 交付波多野结衣,https://missav.live/dm53/cn/nacr-895,普通,NACR-895,STANDARD,13
XVSR-791 波多野结衣难以忍受的最佳女牛仔体内射精性爱,https://missav.live/dm52/cn/xvsr-791,普通,XVSR-791,STANDARD,13
XVSR-791 波多野结衣难以忍受的最佳女牛仔体内射精性爱,https://missav.live/cn/xvsr-791-uncensored-leak,无码破解,XVSR-791,STANDARD,13
FJIN-053 丰满巨乳打工主妇，带著与儿子年龄相仿的打工男学生来一晚两日温泉之旅，不知不觉就勾引了她。,https://missav.live/cn/fjin-053-uncensored-leak,无码破解,FJIN-053,STANDARD,14
XVSR-791 波多野结衣难以忍受的最佳女牛仔体内射精性爱,https://missav.live/cn/xvsr-791-uncensored-leak,无码破解,XVSR-791,STANDARD,14
AGEOM-027 一个你想要插入并射精的假阳具天堂！ ！ ！,https://missav.live/cn/ageom-027,普通,AGEOM-027,STANDARD,14
CEAD-658 疯狂狂野到极点的“阿赫高高潮”自慰Vol.2,https://missav.live/cn/cead-658,普通,CEAD-658,STANDARD,14
MKMP-602 百万热门作品海量发售！ ！最美女包围…男人永恒的梦想就在这里！ ！最佳后宫 4 小时 BEST,https://missav.live/dm39/cn/mkmp-602,普通,MKMP-602,STANDARD,14
NVH-038 变性人 Yuri Hifumi/Yui Hatano 被一位变态女同性恋老师欺负和荡妇，她的弱点和阴蒂都掌握在她手中,https://missav.live/dm1/cn/nvh-038,普通,NVH-038,STANDARD,14
NVH-038 变性人 Yuri Hifumi/Yui Hatano 被一位变态女同性恋老师欺负和荡妇，她的弱点和阴蒂都掌握在她手中,https://missav.live/dm1/cn/nvh-038-uncensored-leak,无码破解,NVH-038,STANDARD,14
UMSO-578 失去理智！溢出的情欲刺激著私处，根本停不下来！ 21位美女自然自慰,https://missav.live/cn/umso-578,普通,UMSO-578,STANDARD,14
KDMI-060 完全穿著高腿荡妇惊人,https://missav.live/cn/kdmi-060,普通,KDMI-060,STANDARD,14
MLMM-068 S级美熟女极品波多野结衣4小时纤细巨乳麦当娜3,https://missav.live/cn/mlmm-068,普通,MLMM-068,STANDARD,14
NGOD-241 Kamigyo Seeding Story：她被丈夫继子完美兼容的大鸡巴逼到高潮......波多野结衣,https://missav.live/cn/ngod-241,普通,NGOD-241,STANDARD,14
NGOD-241 Kamigyo Seeding Story：她被丈夫继子完美兼容的大鸡巴逼到高潮......波多野结衣,https://missav.live/cn/ngod-241-uncensored-leak,无码破解,NGOD-241,STANDARD,14
OLM-133 美丽降临！这是史上最佳女演员之间的竞争！北条真纪 & 波多野结衣 (OLM-133),https://missav.live/cn/olm-133,普通,OLM-133,STANDARD,15
GUPP-025 荡妇波多野引诱一个男人并挤压他的种子进行性爱 Yui Hatano,https://missav.live/dm3/cn/gupp-025,普通,GUPP-025,STANDARD,15
VTMN-012 我最想做的事。我想忘记相机，全身心赤裸地沉浸在性爱中 Yui Hatano,https://missav.live/cn/vtmn-012,普通,VTMN-012,STANDARD,15
XVSR-786 波多野结衣被束缚、痒痒的视频，全身变成超敏感的性感区，边打手枪边小便的感觉真好。,https://missav.live/dm39/cn/xvsr-786,普通,XVSR-786,STANDARD,15
XVSR-786 波多野结衣被束缚、痒痒的视频，全身变成超敏感的性感区，边打手枪边小便的感觉真好。,https://missav.live/cn/xvsr-786-uncensored-leak,无码破解,XVSR-786,STANDARD,15
VTMN-012 我最想做的事。我想忘记相机，全身心赤裸地沉浸在性爱中 Yui Hatano,https://missav.live/cn/vtmn-012-uncensored-leak,无码破解,VTMN-012,STANDARD,15
GUPP-025 荡妇波多野引诱一个男人并挤压他的种子进行性爱 Yui Hatano,https://missav.live/cn/gupp-025-uncensored-leak,无码破解,GUPP-025,STANDARD,15
SEVEN-008 东京Yarender 2 波多野结衣,https://missav.live/cn/seven-008,普通,SEVEN-008,STANDARD,15
SEVEN-008 东京Yarender 2 波多野结衣,https://missav.live/cn/seven-008-uncensored-leak,无码破解,SEVEN-008,STANDARD,15
MIAB-370 ～被丈夫上司强暴的最美女人～虽然辞去了调查员的工作成为了妻子…波多野结衣,https://missav.live/dm46/cn/miab-370-uncensored-leak,无码破解,MIAB-370,STANDARD,15
MIAB-370 ～被丈夫上司强暴的最美女人～虽然辞去了调查员的工作成为了妻子…波多野结衣,https://missav.live/dm37/cn/miab-370,普通,MIAB-370,STANDARD,15
OVG-213 女人在镜头前撒尿 5,https://missav.live/cn/ovg-213,普通,OVG-213,STANDARD,15
OVG-213 女人在镜头前撒尿 5,https://missav.live/cn/ovg-213,普通,OVG-213,STANDARD,16
CJOB-167 一旦您了解了这一点，您就会爱上这种乐趣。,https://missav.live/dm8/cn/cjob-167,普通,CJOB-167,STANDARD,16
DAZD-216 变性女同性恋最好的性爱，两个女孩交织在一起，她们的理智被未知的快感所震撼,https://missav.live/dm41/cn/dazd-216,普通,DAZD-216,STANDARD,16
MRSS-159 我看到我的妻子被戴绿帽子，但我什么也做不了，只是默默地看著她一次又一次地射精。,https://missav.live/cn/mrss-159-uncensored-leak,无码破解,MRSS-159,STANDARD,16
BDA-205 女王的淫乱办公室 波多野结衣,https://missav.live/cn/bda-205-uncensored-leak,无码破解,BDA-205,STANDARD,16
TIKB-192 极其难得的只住一晚的时间！ ！随机女孩波多野结衣和AIKA将让粉丝们的理想游戏成为现实！ ！,https://missav.live/cn/tikb-192-uncensored-leak,无码破解,TIKB-192,STANDARD,16
BDA-205 女王的淫乱办公室 波多野结衣,https://missav.live/dm1/cn/bda-205,普通,BDA-205,STANDARD,16
MRSS-159 我看到我的妻子被戴绿帽子，但我什么也做不了，只是默默地看著她一次又一次地射精。,https://missav.live/cn/mrss-159,普通,MRSS-159,STANDARD,16
TIKB-192 极其难得的只住一晚的时间！ ！随机女孩波多野结衣和AIKA将让粉丝们的理想游戏成为现实！ ！,https://missav.live/dm1/cn/tikb-192,普通,TIKB-192,STANDARD,16
MXDLP-276 我应付不了这么多人！ ！ 4P乱交4小时vol.2 木南雏、波多野结衣、三原穗乃香、小西优、美铃里奈,https://missav.live/cn/mxdlp-276,普通,MXDLP-276,STANDARD,16
MXDLP-272 姐姐肮脏激烈的性爱！ Vol.2 波多野结衣 凛音夏 东条光 濑名 优亚佳奈,https://missav.live/cn/mxdlp-272,普通,MXDLP-272,STANDARD,16
GENU-016 双名人妻子：无法控制的冲动和性欲 - 与她在妈妈狩猎应用程式上遇到的一个年轻男人进行不忠的中出性爱的日子 -,https://missav.live/cn/genu-016-uncensored-leak,无码破解,GENU-016,STANDARD,16
GENU-016 双名人妻子：无法控制的冲动和性欲 - 与她在妈妈狩猎应用程式上遇到的一个年轻男人进行不忠的中出性爱的日子 -,https://missav.live/cn/genu-016-uncensored-leak,无码破解,GENU-016,STANDARD,17
SEVEN-007 我在结婚派对上遇到的一个非常色情的婚外故事 - 波多野结衣,https://missav.live/cn/seven-007-uncensored-leak,无码破解,SEVEN-007,STANDARD,17
SEVEN-007 我在结婚派对上遇到的一个非常色情的婚外故事 - 波多野结衣,https://missav.live/cn/seven-007,普通,SEVEN-007,STANDARD,17
NVH-034 荡妇挑逗变性人的阴茎，并将其挑逗到边缘！ 西野惠/波​​多野结衣,https://missav.live/cn/nvh-034-uncensored-leak,无码破解,NVH-034,STANDARD,17
NVH-034 荡妇挑逗变性人的阴茎，并将其挑逗到边缘！ 西野惠/波​​多野结衣,https://missav.live/dm2/cn/nvh-034,普通,NVH-034,STANDARD,17
BBSS-089 一个渴望快乐的性欲怪物认真地达到高潮！ ！ 4小时激情MAX女同大战，奶子们猛到傻了！ ！,https://missav.live/dm68/cn/bbss-089,普通,BBSS-089,STANDARD,17
PJAB-006 波多野结衣被另一个男人抱著，在她丈夫的眼前射精...,https://missav.live/cn/pjab-006,普通,PJAB-006,STANDARD,17
PJAB-006 波多野结衣被另一个男人抱著，在她丈夫的眼前射精...,https://missav.live/cn/pjab-006-uncensored-leak,无码破解,PJAB-006,STANDARD,17
NACR-873 在我和心爱的丈夫住的这栋房子里，我每天都有外遇波多野结衣,https://missav.live/cn/nacr-873-uncensored-leak,无码破解,NACR-873,STANDARD,17
NACR-873 在我和心爱的丈夫住的这栋房子里，我每天都有外遇波多野结衣,https://missav.live/cn/nacr-873,普通,NACR-873,STANDARD,17
XVSR-784 热爱精子的女孩的色情现场口交配对 3,https://missav.live/cn/xvsr-784,普通,XVSR-784,STANDARD,17
XVSR-784 热爱精子的女孩的色情现场口交配对 3,https://missav.live/cn/xvsr-784-uncensored-leak,无码破解,XVSR-784,STANDARD,17
HZGD-285 失落的天堂性爱 - 多次秘密会面，加深爱情...禁忌之事 - 波多野结衣,https://missav.live/cn/hzgd-285-uncensored-leak,无码破解,HZGD-285,STANDARD,18
WAAA-441 透过揉捏变性女办公室女士的阴蒂来骚扰她！双荡妇老板M训练女性高潮钳肛门操！ 一之濑拉姆 大月响 波多野结衣,https://missav.live/dm49/cn/waaa-441,普通,WAAA-441,STANDARD,18
XVT-015 未切割的奇闻趣事性爱波多野结衣,https://missav.live/cn/xvt-015-uncensored-leak,无码破解,XVT-015,STANDARD,18
XVT-015 未切割的奇闻趣事性爱波多野结衣,https://missav.live/cn/xvt-015,普通,XVT-015,STANDARD,18
HZGD-285 失落的天堂性爱 - 多次秘密会面，加深爱情...禁忌之事 - 波多野结衣,https://missav.live/cn/hzgd-285,普通,HZGD-285,STANDARD,18
OKC-015 神衣颜射8人8射250分钟竞技泳装/学校泳装版,https://missav.live/dm39/cn/okc-015,普通,OKC-015,STANDARD,18
HMIX-038 制作人强烈推荐！ ！ 你必须看到的最好的30个最性感的成熟女人，30个人，4小时，一个让你在拍摄现场勃起的淫荡视频。,https://missav.live/cn/hmix-038,普通,HMIX-038,STANDARD,18
MDBK-344 BAZOOKA 有史以来的最高评级 ☆ 4.7 或更高 PREMIUM BEST,https://missav.live/cn/mdbk-344,普通,MDBK-344,STANDARD,18
CJOB-166 无法动弹的荡妇，83次强行射击，夹击反向强奸，BEST,https://missav.live/dm29/cn/cjob-166,普通,CJOB-166,STANDARD,18
PBD-477 淫荡姐姐从背后紧紧抱住你！被挤到一个可悲的位置！最好的从后面打手枪！,https://missav.live/dm56/cn/pbd-477,普通,PBD-477,STANDARD,18
MIAB-330 背叛女调查员“是的…我是双重间谍”催情油酷刑！克制性中出！无限高潮喷！我决定让她陷入快乐并带她进入…波多野结衣大月响,https://missav.live/dm28/cn/miab-330-uncensored-leak,无码破解,MIAB-330,STANDARD,18
MIAB-330 背叛女调查员“是的…我是双重间谍”催情油酷刑！克制性中出！无限高潮喷！我决定让她陷入快乐并带她进入…波多野结衣大月响,https://missav.live/dm29/cn/miab-330,普通,MIAB-330,STANDARD,18
MIAB-330 背叛女调查员“是的…我是双重间谍”催情油酷刑！克制性中出！无限高潮喷！我决定让她陷入快乐并带她进入…波多野结衣大月响,https://missav.live/dm26/cn/miab-330-chinese-subtitle,中文字幕,MIAB-330,STANDARD,19
CEMD-590 完全没有演技啊！害羞又爱上了奇闻趣事全天约会 3 Yui Hatano,https://missav.live/cn/cemd-590-uncensored-leak,无码破解,CEMD-590,STANDARD,19
CEMD-590 完全没有演技啊！害羞又爱上了奇闻趣事全天约会 3 Yui Hatano,https://missav.live/dm1/cn/cemd-590,普通,CEMD-590,STANDARD,19
NGOD-227 夫妻交换－妻子在别人怀里呻吟，让丈夫嫉妒,https://missav.live/cn/ngod-227-uncensored-leak,无码破解,NGOD-227,STANDARD,19
NGOD-227 夫妻交换－妻子在别人怀里呻吟，让丈夫嫉妒,https://missav.live/cn/ngod-227,普通,NGOD-227,STANDARD,19
YMDD-409 荡妇马车正在赶来的路上！ ！发生了 Go Go！ ！ AIKA、大月响、波多野结衣、莉兹与三位最美的女人一起踏上超罕见的旅程！地球上最热门的超速性爱,https://missav.live/dm30/cn/ymdd-409,普通,YMDD-409,STANDARD,19
GVH-689 我心爱的妻子在拍电影时被戴绿帽。 波多野结衣,https://missav.live/dm9/cn/gvh-689,普通,GVH-689,STANDARD,19
MMPB-052 色情！ ！ ！ 当女人是有极限的…10位10岁左右的漂亮女星,https://missav.live/dm1/cn/mmpb-052,普通,MMPB-052,STANDARD,19
YMDD-409 荡妇马车正在赶来的路上！ ！发生了 Go Go！ ！ AIKA、大月响、波多野结衣、莉兹与三位最美的女人一起踏上超罕见的旅程！地球上最热门的超速性爱,https://missav.live/cn/ymdd-409-uncensored-leak,无码破解,YMDD-409,STANDARD,19
GVH-689 我心爱的妻子在拍电影时被戴绿帽。 波多野结衣,https://missav.live/cn/gvh-689-uncensored-leak,无码破解,GVH-689,STANDARD,19
GVH-689 我心爱的妻子在拍电影时被戴绿帽。 波多野结衣,https://missav.live/cn/gvh-689-chinese-subtitle,中文字幕,GVH-689,STANDARD,19
WAAA-421 如果你能忍受46年娱乐经验（总计）的惊人技术，你就可以拥有原始中出SEX！ AIKA 波多野响 大月,https://missav.live/dm50/cn/waaa-421,普通,WAAA-421,STANDARD,19
KAGP-329 角质自慰擦了就停不下来 8 11 人,https://missav.live/dm2/cn/kagp-329,普通,KAGP-329,STANDARD,20
HMIX-037 极其！ ！ 美熟女澡堂 - Nurubecho 浓郁湿透中出肥皂 20人4小时,https://missav.live/cn/hmix-037,普通,HMIX-037,STANDARD,20
DOA-074 波多野结衣束缚训练特辑,https://missav.live/dm1/cn/doa-074,普通,DOA-074,STANDARD,20
PPPE-257 波多野结衣G罩杯乳头发育将乳头敏感度推向极限小穴爆尿极致,https://missav.live/dm2/cn/pppe-257,普通,PPPE-257,STANDARD,21
MIRD-239 MOODYZ 粉丝感恩节 Bakobako 巴士之旅 2024 完整版 Bako 巴士 7 小时 50 分钟 + Urabako 4 小时 + 13 小时未公开场景,https://missav.live/dm2/cn/mird-239,普通,MIRD-239,STANDARD,21
PPPE-257 波多野结衣G罩杯乳头发育将乳头敏感度推向极限小穴爆尿极致,https://missav.live/dm10/cn/pppe-257-chinese-subtitle,中文字幕,PPPE-257,STANDARD,21
NGOD-224 波多野结衣，在肌肉酒吧被肌肉男的肌肉迷住，被迫湿润胯部的妻子,https://missav.live/cn/ngod-224-uncensored-leak,无码破解,NGOD-224,STANDARD,21
NGOD-224 波多野结衣，在肌肉酒吧被肌肉男的肌肉迷住，被迫湿润胯部的妻子,https://missav.live/dm2/cn/ngod-224,普通,NGOD-224,STANDARD,21
MMPB-051 当我让那个女孩穿上学校泳衣时，她比平常更兴奋，所有的精子都出来了哈哈,https://missav.live/dm2/cn/mmpb-051,普通,MMPB-051,STANDARD,21
UMSO-564 一进门，我就震惊了！ 23位美女,https://missav.live/dm39/cn/umso-564,普通,UMSO-564,STANDARD,21
CEAD-624 15个女人用乳头自慰达到高潮！第2册～疯狂“乳头”的淫荡女优！ ！,https://missav.live/cn/cead-624,普通,CEAD-624,STANDARD,21
KAGP-325 欧娜支持！ ！ 女学生赤裸裸地挑衅跳舞7,https://missav.live/cn/kagp-325,普通,KAGP-325,STANDARD,21
KDMI-055 MILU-裤袜幻想美腿惊人II,https://missav.live/dm1/cn/kdmi-055,普通,KDMI-055,STANDARD,21
KSBJ-328 大屁股打桩！ 50个美丽成熟的女人在后面,https://missav.live/dm4/cn/ksbj-328,普通,KSBJ-328,STANDARD,21
MXDLP-266 SM感性发育！ 4 小时的受虐狂淫美女捆绑和射精 660 3,https://missav.live/cn/mxdlp-266,普通,MXDLP-266,STANDARD,21
"MXGS-1345 突破极限！高潮他妈的让你射精得失去知觉 波多野结衣 1,230 6",https://missav.live/cn/mxgs-1345-uncensored-leak,无码破解,MXGS-1345,STANDARD,22
MXDLP-266 SM感性发育！ 4 小时的受虐狂淫美女捆绑和射精 660 3,https://missav.live/cn/mxdlp-266,普通,MXDLP-266,STANDARD,22
DGCEMD-567 ★限量发放！附赠影片★首个女同发布醉酒女同舞有栖 Yui Hatano 400 0,https://missav.live/cn/dgcemd-567,普通,DGCEMD-567,STANDARD,22
CEMD-567 首个女同禁制令 醉酒女同 Mai Arisu Yui Hatano,https://missav.live/dm1/cn/cemd-567,普通,CEMD-567,STANDARD,22
NGOD-216 一个成年人和一个只有在晚上才能看到的大鸡巴男友之间的秘密会面的故事，他们只在深夜互相渴望对方。,https://missav.live/cn/ngod-216-uncensored-leak,无码破解,NGOD-216,STANDARD,22
NGOD-216 一个成年人和一个只有在晚上才能看到的大鸡巴男友之间的秘密会面的故事，他们只在深夜互相渴望对方。,https://missav.live/cn/ngod-216,普通,NGOD-216,STANDARD,22
UMD-926 在打工时认识的10年没有被舔过的成熟女人！一段时间以来第一次做爱后，我一天之内从一个紧绷的男人变成了一名家庭教师！ ！ 600 3,https://missav.live/cn/umd-926-uncensored-leak,无码破解,UMD-926,STANDARD,22
UMD-926 在打工时认识的10年没有被舔过的成熟女人！一段时间以来第一次做爱后，我一天之内从一个紧绷的男人变成了一名家庭教师！ ！ 600 3,https://missav.live/cn/umd-926,普通,UMD-926,STANDARD,22
KSBJ-325 精心挑选！ ！ 10位美丽成熟女性BESTVOL.04,https://missav.live/cn/ksbj-325,普通,KSBJ-325,STANDARD,22
IKUNA-012 “IKUNA#1.60”友田彩香 vs 波多野结衣 性感界全体 GAMANKO 最强战士对决 Ahe Acme 超性感级“第七战士”顶级对决！ 总是射精的AV明星对决《IKUNA》第4季<Ikigaman mad>高潮对决！高潮结束时达到高潮是狂喜吗？你晕倒了吗？失禁！最好的高潮女王...,https://missav.live/cn/ikuna-012,普通,IKUNA-012,STANDARD,22
BGG-008 银粉全集第2卷 12位银光闪闪的惊人美女！,https://missav.live/dm2/cn/bgg-008,普通,BGG-008,STANDARD,22
CEAD-615 痛苦！高潮！讨厌的自慰选择 Manami Oura,https://missav.live/dm2/cn/cead-615,普通,CEAD-615,STANDARD,22
KSBJ-321 喜欢奶嘴的沮丧妻子波多野结衣用淫秽的舌头引诱她的公公,https://missav.live/dm4/cn/ksbj-321-uncensored-leak,无码破解,KSBJ-321,STANDARD,23
KSBJ-321 喜欢奶嘴的沮丧妻子波多野结衣用淫秽的舌头引诱她的公公,https://missav.live/dm142/cn/ksbj-321,普通,KSBJ-321,STANDARD,23
CEAD-609 14 位女演员透过坐在脸上自慰来射精,https://missav.live/dm28/cn/cead-609,普通,CEAD-609,STANDARD,23
KAGP-320 排球妈妈性骚扰！ 9 10名已婚女性穿著高腿灯笼裤进行严酷的色情训练,https://missav.live/dm28/cn/kagp-320,普通,KAGP-320,STANDARD,23
NGOD-212 渴望男人的全职家庭主妇，她在家里寻找男人，并给他们大量的精液，渴望男人的家庭主妇。,https://missav.live/cn/ngod-212,普通,NGOD-212,STANDARD,23
NGOD-212 渴望男人的全职家庭主妇，她在家里寻找男人，并给他们大量的精液，渴望男人的家庭主妇。,https://missav.live/cn/ngod-212-uncensored-leak,无码破解,NGOD-212,STANDARD,23
XVSR-765 超级精挑细选！ 20位A级女星口交节,https://missav.live/dm65/cn/xvsr-765,普通,XVSR-765,STANDARD,23
GVH-665 【反转/位置反转！ ！ 】两个看不起我的姐姐员工发现了我的童贞，我在双反三人行中被剥夺了作为荡妇的男性权利。 波多野结衣/森泽佳奈,https://missav.live/cn/gvh-665,普通,GVH-665,STANDARD,23
JHEM-022 触目惊心的家庭戴绿帽的肉欲剧 妻子被公公强奸 家庭暴力的现实…年轻貌美的已婚妇女中了助平父亲的绝招！ ！ 5人录制120分钟,https://missav.live/dm25/cn/jhem-022,普通,JHEM-022,STANDARD,23
XVSR-764 充满体液的性交不停地出汗、潮水、黏稠的唾液波多野结衣,https://missav.live/dm66/cn/xvsr-764,普通,XVSR-764,STANDARD,23
GVH-665 【反转/位置反转！ ！ 】两个看不起我的姐姐员工发现了我的童贞，我在双反三人行中被剥夺了作为荡妇的男性权利。 波多野结衣/森泽佳奈,https://missav.live/cn/gvh-665-uncensored-leak,无码破解,GVH-665,STANDARD,23
XVSR-764 充满体液的性交不停地出汗、潮水、黏稠的唾液波多野结衣,https://missav.live/cn/xvsr-764-uncensored-leak,无码破解,XVSR-764,STANDARD,23
XVSR-765 超级精挑细选！ 20位A级女星口交节,https://missav.live/dm65/cn/xvsr-765,普通,XVSR-765,STANDARD,24
OKC-011 神衣洗澡尿尿8人8尿尿竞技泳装版波多野结衣、水谷葵、渚月希、宫泽千春、永川诺亚、弥生水树、三好凪、樋口三叶,https://missav.live/dm3/cn/okc-011,普通,OKC-011,STANDARD,24
OVG-211 好色之徒自慰 4 腿针！下背部！ 21 AV 女优一遍又一遍地挤压阴蒂并射精,https://missav.live/cn/ovg-211,普通,OVG-211,STANDARD,24
CEAD-604 巨乳美女白领被洗脑了！计划让你的脸看起来像一张淫荡的脸！第2卷,https://missav.live/dm65/cn/cead-604,普通,CEAD-604,STANDARD,24
"CJOB-157 即使射精也不会停止！就算吹起来也停不下来！我是追男人潮吹40次、吹气12,000cc的超级荡妇中最好的。",https://missav.live/dm29/cn/cjob-157,普通,CJOB-157,STANDARD,24
IENF-347 你可以清楚地看到肛门上有多少皱纹！无马赛克连续高潮肛门表演自慰 26 70 0,https://missav.live/dm39/cn/ienf-347,普通,IENF-347,STANDARD,24
"MXGS-1336 被丈夫的下属接近…在家背叛NTR 波多野结衣 1,180 6",https://missav.live/cn/mxgs-1336-uncensored-leak,无码破解,MXGS-1336,STANDARD,24
"MXGS-1336 被丈夫的下属接近…在家背叛NTR 波多野结衣 1,180 6",https://missav.live/cn/mxgs-1336,普通,MXGS-1336,STANDARD,24
CEMD-535 如果你喝醉了“波多野结衣”——真正的性欲失控的SEX文档,https://missav.live/dm64/cn/cemd-535,普通,CEMD-535,STANDARD,24
PKGP-011 情人爱情文书：不用说，与最美女的情人契约！与波多野结衣的一日调情约会,https://missav.live/dm63/cn/pkgp-011,普通,PKGP-011,STANDARD,24
DGCEMD-535 ★限量发放！附带奖励视频 ★如果你喝醉了波多野结衣 - 真正的性爱文档，让你的性欲狂野,https://missav.live/dm28/cn/dgcemd-535,普通,DGCEMD-535,STANDARD,24
CEMD-535 如果你喝醉了“波多野结衣”——真正的性欲失控的SEX文档,https://missav.live/cn/cemd-535-uncensored-leak,无码破解,CEMD-535,STANDARD,24
CEMD-535 如果你喝醉了“波多野结衣”——真正的性欲失控的SEX文档,https://missav.live/cn/cemd-535-uncensored-leak,无码破解,CEMD-535,STANDARD,25
NKKD-338 为了家庭经济，老婆无奈当裸模，尴尬却漏出不少爱汁…… 波多野结衣,https://missav.live/cn/nkkd-338-uncensored-leak,无码破解,NKKD-338,STANDARD,25
NKKD-338 为了家庭经济，老婆无奈当裸模，尴尬却漏出不少爱汁…… 波多野结衣,https://missav.live/cn/nkkd-338,普通,NKKD-338,STANDARD,25
NACR-812 如果您有任何疑问，请交给谘询室“未切樱桃大学生”。,https://missav.live/cn/nacr-812-uncensored-leak,无码破解,NACR-812,STANDARD,25
NACR-812 如果您有任何疑问，请交给谘询室“未切樱桃大学生”。,https://missav.live/dm39/cn/nacr-812,普通,NACR-812,STANDARD,25
"NPRV-001 擅长吸吮并能在10至15分钟内射精的色情女人的口交vol.1 2,765 16",https://missav.live/cn/nprv-001,普通,NPRV-001,STANDARD,25
CJOB-154 反向 3P 后宫最佳，我无法移动，因为我夹在两个荡妇之间，我的鸡巴和性感区同时揉捏,https://missav.live/dm2/cn/cjob-154,普通,CJOB-154,STANDARD,25
TLDC-008 《IKASE Howto》性感演员的实用技巧VS波多野结衣！,https://missav.live/cn/tldc-008,普通,TLDC-008,STANDARD,25
TIKB-182 【Hello Log】让波多野结衣喝酒的时候，她的荡妇气场就暴露无遗，所以我就拍了她！,https://missav.live/dm3/cn/tikb-182,普通,TIKB-182,STANDARD,25
TIKB-182 【Hello Log】让波多野结衣喝酒的时候，她的荡妇气场就暴露无遗，所以我就拍了她！,https://missav.live/cn/tikb-182-uncensored-leak,无码破解,TIKB-182,STANDARD,25
VOTAN-093 “生菜！候诊室…’无限耐力训练！我绝对不会输给你的！ →我马上就会输掉波多野结衣,https://missav.live/cn/votan-093-uncensored-leak,无码破解,VOTAN-093,STANDARD,25
VOTAN-093 “生菜！候诊室…’无限耐力训练！我绝对不会输给你的！ →我马上就会输掉波多野结衣,https://missav.live/cn/votan-093,普通,VOTAN-093,STANDARD,25
HOWS-003 如果你看How to Gakuen [绝对]教科书AV，让你更擅长泡妞[搭配应用攻略]波多野结衣,https://missav.live/cn/hows-003-uncensored-leak,无码破解,HOWS-003,STANDARD,26
HOWS-003 如果你看How to Gakuen [绝对]教科书AV，让你更擅长泡妞[搭配应用攻略]波多野结衣,https://missav.live/dm26/cn/hows-003,普通,HOWS-003,STANDARD,26
NGOD-208 这是一个关于我妻子的故事，她在当地出差时与丈夫的老板陷入了痛苦之中，她丈夫有权力骚扰倾向，而她的生理能力无法做到这一点。早上，她已经陷入了快乐之中。,https://missav.live/cn/ngod-208,普通,NGOD-208,STANDARD,26
NGOD-208 这是一个关于我妻子的故事，她在当地出差时与丈夫的老板陷入了痛苦之中，她丈夫有权力骚扰倾向，而她的生理能力无法做到这一点。早上，她已经陷入了快乐之中。,https://missav.live/cn/ngod-208-uncensored-leak,无码破解,NGOD-208,STANDARD,26
BMW-307 最好的清洁口交，在脸部射精后立即舔掉颜射脸上的每一滴精液,https://missav.live/dm36/cn/bmw-307,普通,BMW-307,STANDARD,26
DOKS-603 可以充分享受口腔内感觉的温和口交3,https://missav.live/cn/doks-603,普通,DOKS-603,STANDARD,26
OVG-210 [射精诱导]“只要玩弄你的乳头，鸡巴就会滴下来，感觉很好。但现在先不要手淫，享受挑逗脏话和大脑高潮的绝对快感[自慰支持]”,https://missav.live/dm3/cn/ovg-210,普通,OVG-210,STANDARD,26
MKMP-553 吞噬男人身体的性爱怪物！ ！ 48 个最好的超级荡妇，其人生目标是性,https://missav.live/dm38/cn/mkmp-553,普通,MKMP-553,STANDARD,26
MDBK-330 大量精液从光滑的阴户和浑浊的剃光阴户中溢出连续54次,https://missav.live/dm40/cn/mdbk-330,普通,MDBK-330,STANDARD,26
MXDLP-242 色情科技超级口交 SP Vol.2,https://missav.live/cn/mxdlp-242,普通,MXDLP-242,STANDARD,26
MXDLP-241 发情巨乳 SP Vol.2 姫咲花小梅 惠那里保 藤森幸子 凛音冬花,https://missav.live/cn/mxdlp-241,普通,MXDLP-241,STANDARD,26
GVH-643 我妈胸大屁股大，性观念也开放，所以我求她让我每天和她大汗淋漓的做爱…波多野结衣,https://missav.live/cn/gvh-643,普通,GVH-643,STANDARD,26
GVH-643 我妈胸大屁股大，性观念也开放，所以我求她让我每天和她大汗淋漓的做爱…波多野结衣,https://missav.live/dm1/cn/gvh-643-uncensored-leak,无码破解,GVH-643,STANDARD,27
MIAB-154 成为纪念裸体模特儿替代品的大胸女士，目光注视著我肿胀的鸡巴，滴著我的爱液，每次我们休息5分钟时，她一次又一次地让我平静下来... 波多野结衣,https://missav.live/dm30/cn/miab-154-uncensored-leak,无码破解,MIAB-154,STANDARD,27
MIAB-154 成为纪念裸体模特儿替代品的大胸女士，目光注视著我肿胀的鸡巴，滴著我的爱液，每次我们休息5分钟时，她一次又一次地让我平静下来... 波多野结衣,https://missav.live/dm32/cn/miab-154,普通,MIAB-154,STANDARD,27
MIAB-154 成为纪念裸体模特儿替代品的大胸女士，目光注视著我肿胀的鸡巴，滴著我的爱液，每次我们休息5分钟时，她一次又一次地让我平静下来... 波多野结衣,https://missav.live/dm27/cn/miab-154-chinese-subtitle,中文字幕,MIAB-154,STANDARD,27
"UMD-909 我在配对应用程式上遇到的人是一位受虐狂女王！ “首先，我们要检查我们身体的兼容性♪”正如他所说，受虐狂接受了猛烈的荡妇折磨，并结成了情侣！ ？ 1,385 12",https://missav.live/dm13/cn/umd-909,普通,UMD-909,STANDARD,27
CEMD-508 肛门发情！ ~本能地感受一下！令人愉快的女同性恋与美丽的女人喘著粗气〜2 Yui Hatano Ayaka Mochizuki,https://missav.live/dm24/cn/cemd-508-uncensored-leak,无码破解,CEMD-508,STANDARD,27
GMA-063 束缚训练妻子 房地产经纪人的年轻妻子，为获得土地而奋斗。陷入谈判困难的温泉酒店老人的陷阱…波多野结衣,https://missav.live/dm24/cn/gma-063-uncensored-leak,无码破解,GMA-063,STANDARD,27
DGCEMD-508 ★限量发放！附赠影片★ 肛门发情！ ~本能地感受一下！令人愉快的女同性恋与美丽的女人喘著粗气〜2 Yui Hatano Ayaka Mochizuki,https://missav.live/dm25/cn/dgcemd-508,普通,DGCEMD-508,STANDARD,27
CEMD-508 肛门发情！ ~本能地感受一下！令人愉快的女同性恋与美丽的女人喘著粗气〜2 Yui Hatano Ayaka Mochizuki,https://missav.live/dm26/cn/cemd-508,普通,CEMD-508,STANDARD,27
GMA-063 束缚训练妻子 房地产经纪人的年轻妻子，为获得土地而奋斗。陷入谈判困难的温泉酒店老人的陷阱…波多野结衣,https://missav.live/dm24/cn/gma-063,普通,GMA-063,STANDARD,27
NKKD-328 与大鸡巴乱伦。被儿子坚硬、不守规矩的鸡鸡诱惑的母亲。波多野结衣,https://missav.live/cn/nkkd-328,普通,NKKD-328,STANDARD,27
NKKD-328 与大鸡巴乱伦。被儿子坚硬、不守规矩的鸡鸡诱惑的母亲。波多野结衣,https://missav.live/cn/nkkd-328-uncensored-leak,无码破解,NKKD-328,STANDARD,27
XVSR-753 让我们整天做爱吧！从早到晚，随时随地凭本能享受性爱！ ！波多野结衣,https://missav.live/dm26/cn/xvsr-753-uncensored-leak,无码破解,XVSR-753,STANDARD,28
XVSR-753 让我们整天做爱吧！从早到晚，随时随地凭本能享受性爱！ ！波多野结衣,https://missav.live/dm1/cn/xvsr-753,普通,XVSR-753,STANDARD,28
CEAD-575 用她的淫荡取悦男人的原始插入 3SEX,https://missav.live/cn/cead-575-uncensored-leak,无码破解,CEAD-575,STANDARD,28
SVS-081 极度危险高速钻强克制女人高潮绘本,https://missav.live/cn/svs-081,普通,SVS-081,STANDARD,28
CEAD-575 用她的淫荡取悦男人的原始插入 3SEX,https://missav.live/dm1/cn/cead-575,普通,CEAD-575,STANDARD,28
KYMI-038 瑜珈服W荡妇,https://missav.live/dm29/cn/kymi-038,普通,KYMI-038,STANDARD,28
KSBJ-296 毕竟成熟的女人才是最性感的！ ！ 22人VOL.06,https://missav.live/dm26/cn/ksbj-296,普通,KSBJ-296,STANDARD,28
KYMI-038 瑜珈服W荡妇,https://missav.live/cn/kymi-038-uncensored-leak,无码破解,KYMI-038,STANDARD,28
PTS-516 东京倒数 VOL.02 550 1,https://missav.live/cn/pts-516,普通,PTS-516,STANDARD,28
MIRD-237 MOODYZ 粉丝感恩节 Bakobako 巴士之旅 2024 AV 演员发现和培训特别！ ！ 16名以AV男优为目标的素人与16名AV女优的2天1夜狂欢之旅！,https://missav.live/dm116/cn/mird-237,普通,MIRD-237,STANDARD,28
CEAD-571 疯狂狂野到极致的“阿赫高高潮”自慰,https://missav.live/dm52/cn/cead-571,普通,CEAD-571,STANDARD,28
BBSS-082 “我已经高潮了！！”4 小时的女同性恋极致地狱，她一次又一次地在追逐女同性恋高潮中高潮，即使在高潮后也没有结束,https://missav.live/dm172/cn/bbss-082,普通,BBSS-082,STANDARD,28
BBSS-082 “我已经高潮了！！”4 小时的女同性恋极致地狱，她一次又一次地在追逐女同性恋高潮中高潮，即使在高潮后也没有结束,https://missav.live/dm172/cn/bbss-082,普通,BBSS-082,STANDARD,29
NKKD-325 《哭泣的NTR》讲述了一个浪人失去梦想回到乡下，在自己的寄宿处与已婚女子发生性关系，同时因为后悔与她分手而哭泣的故事。波多野结衣,https://missav.live/cn/nkkd-325,普通,NKKD-325,STANDARD,29
MRSS-153 NTR旅行：为了生孩子而住的旅馆里，妻子在排卵日被残忍的男大学生波多野结衣中出,https://missav.live/cn/mrss-153-uncensored-leak,无码破解,MRSS-153,STANDARD,29
XVSR-749 超级精挑细选！您可以在大脑中感受到低语脏话双耳 DX,https://missav.live/dm52/cn/xvsr-749,普通,XVSR-749,STANDARD,29
MRSS-153 NTR旅行：为了生孩子而住的旅馆里，妻子在排卵日被残忍的男大学生波多野结衣中出,https://missav.live/dm26/cn/mrss-153,普通,MRSS-153,STANDARD,29
BMW-302 让你鸡鸡发麻的最强圣宝！热气腾腾的黑丝袜姐姐的光泽腿打桩压最好,https://missav.live/dm124/cn/bmw-302-uncensored-leak,无码破解,BMW-302,STANDARD,29
JFB-333 终极性行为 PtoM 4 小时 BEST，巨乳美女摇曳生姿，粗俗地用嘴和阴户吮吸鸡巴,https://missav.live/dm137/cn/jfb-333,普通,JFB-333,STANDARD,29
BMW-302 让你鸡鸡发麻的最强圣宝！热气腾腾的黑丝袜姐姐的光泽腿打桩压最好,https://missav.live/dm164/cn/bmw-302,普通,BMW-302,STANDARD,29
KYMI-037 W 光泽 高腿 荡妇,https://missav.live/cn/kymi-037-uncensored-leak,无码破解,KYMI-037,STANDARD,29
KYMI-037 W 光泽 高腿 荡妇,https://missav.live/dm26/cn/kymi-037,普通,KYMI-037,STANDARD,29
BDA-189 瓦普吉斯的囚徒：恶魔的木马 波多野结衣,https://missav.live/dm26/cn/bda-189,普通,BDA-189,STANDARD,29
CJOB-149 它比我的手、我的嘴和我的阴部感觉更好。我从一次放荡的足交中射精了。,https://missav.live/dm45/cn/cjob-149-uncensored-leak,无码破解,CJOB-149,STANDARD,29
CJOB-149 它比我的手、我的嘴和我的阴部感觉更好。我从一次放荡的足交中射精了。,https://missav.live/dm82/cn/cjob-149,普通,CJOB-149,STANDARD,30
CJOB-148 我想做一个有美女尿尿的荡妇...圣水后宫BEST,https://missav.live/dm30/cn/cjob-148,普通,CJOB-148,STANDARD,30
OKC-007 神服颜射8人8射240分钟裤袜版,https://missav.live/cn/okc-007,普通,OKC-007,STANDARD,30
UMD-904 秘密行动女王！ ！许多技巧和未经尝试的选项绝对会让第二个男人射精！ ！这就是裁判姑娘的高超技艺！ ！ 240 5,https://missav.live/cn/umd-904,普通,UMD-904,STANDARD,30
SAN-216 波多野结衣＆川上优特别 310 分钟 6 性 885 8,https://missav.live/cn/san-216,普通,SAN-216,STANDARD,30
BMW-298 舔吸淫荡荡妇吸干了所有其他精子！最好的口交和口内射精！,https://missav.live/dm38/cn/bmw-298,普通,BMW-298,STANDARD,30
CJOB-147 逆向 3P 钳夹荡妇后宫 BEST 52 制作在那里你不能移动并得到荡妇,https://missav.live/dm43/cn/cjob-147,普通,CJOB-147,STANDARD,30
WAWA-020 波多野结衣，已婚妇女，在雨天对湿漉漉的身体感到饥渴,https://missav.live/cn/wawa-020-uncensored-leak,无码破解,WAWA-020,STANDARD,30
IESP-736-2 劳伦凯伦的女同性恋被解除了～美容院是百合园～,https://missav.live/cn/iesp-736-2,普通,IESP-736,STANDARD,30
WAWA-020 波多野结衣，已婚妇女，在雨天对湿漉漉的身体感到饥渴,https://missav.live/cn/wawa-020,普通,WAWA-020,STANDARD,30
IESP-736 Lauren Karen女同禁令～美容院是百合园～波多野结衣,https://missav.live/cn/iesp-736,普通,IESP-736,STANDARD,30
IKUNA-004 《IKUNA#8.0》波多野结衣VS大月响，GAMANKO世界最性感的对决，巅峰的传奇对决！总是射精的AV明星对决《IKUNA》第二季<Ikigaman mad>高潮对决！高潮结束时的高潮是狂喜！你晕倒了吗？失禁！谁是最好的高潮女王？ “AV…,https://missav.live/cn/ikuna-004-uncensored-leak,无码破解,IKUNA-004,STANDARD,30
IKUNA-004 《IKUNA#8.0》波多野结衣VS大月响，GAMANKO世界最性感的对决，巅峰的传奇对决！总是射精的AV明星对决《IKUNA》第二季<Ikigaman mad>高潮对决！高潮结束时的高潮是狂喜！你晕倒了吗？失禁！谁是最好的高潮女王？ “AV…,https://missav.live/dm3/cn/ikuna-004,普通,IKUNA-004,STANDARD,31
MXDLP-211 理想的口丰富口交 Vol.2! 4 小时 SP,https://missav.live/cn/mxdlp-211,普通,MXDLP-211,STANDARD,31
MEYD-877 波多野结衣在魔镜开放日记录了她的素人丈夫！ ！,https://missav.live/dm29/cn/meyd-877-chinese-subtitle,中文字幕,MEYD-877,STANDARD,31
PBD-458 美丽的姊姊舔你的乳头 舔你的乳头 舔打手枪最好,https://missav.live/dm64/cn/pbd-458,普通,PBD-458,STANDARD,31
MIZD-363 No.1 容易裸露的位置！传教士姿势体内射精性背心与女人高潮同时射精,https://missav.live/dm72/cn/mizd-363,普通,MIZD-363,STANDARD,31
MEYD-877 波多野结衣在魔镜开放日记录了她的素人丈夫！ ！,https://missav.live/dm33/cn/meyd-877,普通,MEYD-877,STANDARD,31
MEYD-877 波多野结衣在魔镜开放日记录了她的素人丈夫！ ！,https://missav.live/dm30/cn/meyd-877-uncensored-leak,无码破解,MEYD-877,STANDARD,31
PBD-458 美丽的姊姊舔你的乳头 舔你的乳头 舔打手枪最好,https://missav.live/dm55/cn/pbd-458-uncensored-leak,无码破解,PBD-458,STANDARD,31
MMPB-021 我最喜欢的女演员之间的梦想合作！优质豪华双铸件,https://missav.live/cn/mmpb-021,普通,MMPB-021,STANDARD,31
MDBK-317 这就是拔、拔的开始！ BAZOOKA 最佳超美性爱 2023 精选最佳,https://missav.live/dm4/cn/mdbk-317,普通,MDBK-317,STANDARD,31
DGCEMD-449 ★限量发放！附赠花絮 ★ 首次女同志体验发布！ “波多野结衣”与没有女同性恋经验的“加藤结衣”发生同性恋性行为,https://missav.live/cn/dgcemd-449,普通,DGCEMD-449,STANDARD,31
CEMD-449 首个女同志禁令解除！ “波多野结衣”与没有女同性恋经验的“加藤结衣”发生同性恋性行为,https://missav.live/cn/cemd-449,普通,CEMD-449,STANDARD,31
CKW-006 我总是在午休时间接到电话。然而……9小时后我射精了。而且，事后他还立刻责备了她。最后，速射性爱波多野结衣,https://missav.live/cn/ckw-006-uncensored-leak,无码破解,CKW-006,STANDARD,32
CKW-006 我总是在午休时间接到电话。然而……9小时后我射精了。而且，事后他还立刻责备了她。最后，速射性爱波多野结衣,https://missav.live/cn/ckw-006,普通,CKW-006,STANDARD,32
REBD-801 Yui7 爱与歌的人生・波多野结衣,https://missav.live/cn/rebd-801,普通,REBD-801,STANDARD,32
DNJR-113 波多野结衣的球技～彻底击穿要害～,https://missav.live/dm24/cn/dnjr-113-uncensored-leak,无码破解,DNJR-113,STANDARD,32
DNJR-113 波多野结衣的球技～彻底击穿要害～,https://missav.live/dm2/cn/dnjr-113,普通,DNJR-113,STANDARD,32
"MXDLP-203 高潮性爱他妈的用春药带出来！ 4 小时 SP 1,450 6",https://missav.live/cn/mxdlp-203,普通,MXDLP-203,STANDARD,32
"MXDLP-0203 高潮性爱他妈的带出卖弄风情！ 4 小时特别节目 Hono Wakamiya Nene Chiba Urara Kanon Tennen Mitsuki Aoi Kururugi 1,160 4",https://missav.live/cn/mxdlp-0203,普通,MXDLP-0203,STANDARD,32
CEAD-550 巨乳美女白领被洗脑了！计划让你的脸看起来像一张淫荡的脸！,https://missav.live/dm2/cn/cead-550,普通,CEAD-550,STANDARD,32
